[{"movieId":1,"metascore":"67","boxOffice":"$389,804,217","website":"https://marvel.com/guardians","imdbRating":"7.7","imdbVotes":"449,175","runtime":"136 min","language":"English","rated":"PG-13","production":"Walt Disney Pictures","released":"05 May 2017","imdbid":"tt3896198","plot":"The Guardians struggle to keep together as a team while dealing with their personal family issues, notably Star-Lord's encounter with his father the ambitious celestial being Ego.","director":"James Gunn","title":"Guardians of the Galaxy Vol. 2","actors":"Chris Pratt, Zoe Saldana, Dave Bautista, Vin Diesel","response":"True","type":"movie","awards":"Nominated for 1 Oscar. Another 12 wins & 42 nominations.","dvd":"22 Aug 2017","year":"2017","poster":"https://m.media-amazon.com/images/M/MV5BMTg2MzI1MTg3OF5BMl5BanBnXkFtZTgwNTU3NDA2MTI@._V1_SX300.jpg","country":"USA","genre":"Action, Adventure, Comedy, Sci-Fi","writer":"James Gunn, Dan Abnett (based on the Marvel comics by), Andy Lanning (based on the Marvel comics by), Steve Englehart (Star-Lord created by), Steve Gan (Star-Lord created by), Jim Starlin (Gamora and Drax created by), Stan Lee (Groot created by), Larry Lieber (Groot created by), Jack Kirby (Groot created by), Bill Mantlo (Rocket Raccoon created by), Keith Giffen (Rocket Raccoon created by), Steve Gerber (Howard the Duck created by), Val Mayerik (Howard the Duck created by)"},{"movieId":2,"metascore":"90","boxOffice":"N/A","website":"http://www.starwars.com/episode-iv/","imdbRating":"8.6","imdbVotes":"1,104,701","runtime":"121 min","language":"English","rated":"PG","production":"20th Century Fox","released":"21 Sep 2004","imdbid":"tt0076759","plot":"Luke Skywalker joins forces with a Jedi Knight, a cocky pilot, a Wookiee and two droids to save the galaxy from the Empire's world-destroying battle station, while also attempting to rescue Princess Leia from the mysterious Darth Vader.","director":"George Lucas","title":"Star Wars: Episode IV - A New Hope","actors":"Mark Hamill, Harrison Ford, Carrie Fisher, Peter Cushing","response":"True","type":"movie","awards":"Won 6 Oscars. Another 50 wins & 28 nominations.","dvd":"25 May 1977","year":"1977","poster":"https://m.media-amazon.com/images/M/MV5BMDM1NmMxMzItYWUzMC00Yzc2LTk4MzctOTdkNDVhODY2N2MxXkEyXkFqcGdeQXVyNDQ0Mjg4NTY@._V1_.jpg","country":"USA","genre":"Action, Adventure, Fantasy, Sci-Fi","writer":"George Lucas"},{"movieId":3,"metascore":"100","boxOffice":"N/A","website":"http://www.thegodfather.com","imdbRating":"9.2","imdbVotes":"1,408,749","runtime":"175 min","language":"English, Italian, Latin","rated":"R","production":"Paramount Pictures","released":"24 Mar 1972","imdbid":"tt0068646","plot":"The aging patriarch of an organized crime dynasty transfers control of his clandestine empire to his reluctant son.","director":"Francis Ford Coppola","title":"The Godfather","actors":"Marlon Brando, Al Pacino, James Caan, Richard S. Castellano","response":"True","type":"movie","awards":"Won 3 Oscars. Another 24 wins & 28 nominations.","dvd":"09 Oct 2001","year":"1977","poster":"https://m.media-amazon.com/images/M/MV5BM2MyNjYxNmUtYTAwNi00MTYxLWJmNWYtYzZlODY3ZTk3OTFlXkEyXkFqcGdeQXVyNzkwMjQ5NzM@._V1_SX300.jpg","country":"USA","genre":"Crime, Drama","writer":"Mario Puzo (screenplay by), Francis Ford Coppola (screenplay by), Mario Puzo (based on the novel by)"},{"movieId":33,"metascore":"N/A","boxOffice":"N/A","website":"N/A","imdbRating":"8.1","imdbVotes":"26,541","runtime":"3 min","language":"None","rated":"G","production":"Pixar Animation Studios","released":"02 Nov 2001","imdbid":"tt0248808","plot":"A group of snooty birds roosting on a telephone wire get their just deserts when a goofy bird drops in.","director":"Ralph Eggleston","title":"For the Birds","actors":"Ralph Eggleston","response":"True","type":"movie","awards":"Won 1 Oscar. Another 5 wins & 2 nominations.","dvd":null,"year":"2000","poster":"https://m.media-amazon.com/images/M/MV5BMTQzMDEyODYwNF5BMl5BanBnXkFtZTgwOTcxMDgwMjE@._V1_SX300.jpg","country":"USA","genre":"Animation, Short, Comedy, Family","writer":"Ralph Eggleston"},{"movieId":34,"metascore":"N/A","boxOffice":"N/A","website":"N/A","imdbRating":"8.5","imdbVotes":"96","runtime":"N/A","language":"Afrikaans","rated":"N/A","production":"N/A","released":"25 Nov 2016","imdbid":"tt5799756","plot":"During the South African 70's, a young nurse ruffles feathers as she shows a small town, and its golden boy, what it means to be an independent woman.","director":"Quentin Krog","title":"For the Birds","actors":"Simoné Nortmann, Francois Jacobs, Elize Cawood, Lara Kinnear","response":"True","type":"movie","awards":"N/A","dvd":null,"year":"2016","poster":"https://images-na.ssl-images-amazon.com/images/M/MV5BZTkzM2M4NzctNGMyNy00ZGYzLTllODUtMGQ2NDc3NGJhMGJjL2ltYWdlL2ltYWdlXkEyXkFqcGdeQXVyMTI5OTE5MjA@._V1_SX300.jpg","country":"South Africa","genre":"Romance","writer":"Sean Robert Daniels, Quentin Krog, Tina Kruger"},{"movieId":35,"metascore":"N/A","boxOffice":"N/A","website":"N/A","imdbRating":"6.9","imdbVotes":"88","runtime":"81 min","language":"English","rated":"APPROVED","production":"20th Century Fox Film Corporation","released":"01 Oct 1952","imdbid":"tt0045173","plot":"Enviromentalist Anne Richards goes to Washington D. C. to fight for getting legislation passed to save the last remaining sanctuary of the almost-extinct California Condor. She enlists the ...","director":"Robert Wise","title":"Something for the Birds","actors":"Victor Mature, Patricia Neal, Edmund Gwenn, Larry Keating","response":"True","type":"movie","awards":"N/A","dvd":null,"year":"1952","poster":"https://images-na.ssl-images-amazon.com/images/M/MV5BZGJiM2FhMmQtNzQ5NC00OWVkLWE2NmItZmMyZTFmZmY0OWVhXkEyXkFqcGdeQXVyNDY3MzU2MDM@._V1_SX300.jpg","country":"USA","genre":"Comedy","writer":"Alvin M. Josephy (story and screenplay), Joseph Petracca (story and screenplay), Boris Ingster (story and screenplay)"},{"movieId":38,"metascore":"N/A","boxOffice":"N/A","website":"N/A","imdbRating":"8.0","imdbVotes":"15","runtime":"N/A","language":"English","rated":"N/A","production":"N/A","released":"15 Jun 2018","imdbid":"tt2433118","plot":"A woman's love for her pet ducks, chickens, geese, and turkeys - all 200 of them - ignites a battle with local animal rescuers and puts her marriage in jeopardy.","director":"Richard Miron","title":"For the Birds","actors":"N/A","response":"True","type":"movie","awards":"N/A","dvd":null,"year":"2018","poster":"https://m.media-amazon.com/images/M/MV5BZTcyM2M5NDktODk4Yy00NDliLTliMjEtZjY3YTAwZWNiOWQxXkEyXkFqcGdeQXVyMTA1MTgzMjY@._V1_SX300.jpg","country":"USA","genre":"Documentary, Drama","writer":"N/A"},{"movieId":41,"metascore":"N/A","boxOffice":"N/A","website":"http://www.syfy.com/battlestar/","imdbRating":"7.7","imdbVotes":"19,604","runtime":"101 min","language":"English","rated":"Not Rated","production":"Universal Pictures","released":"24 Nov 2007","imdbid":"tt0991178","plot":"A two-hour Battlestar Galactica special that tells the story of the Battlestar Pegasus several months prior to it finding the Galactica.","director":"Félix Enríquez Alcalá","title":"Battlestar Galactica: Razor","actors":"Edward James Olmos, Mary McDonnell, Katee Sackhoff, Jamie Bamber","response":"True","type":"movie","awards":"1 win & 2 nominations.","dvd":null,"year":"2007","poster":"https://m.media-amazon.com/images/M/MV5BMTk5MzUxNTYwMF5BMl5BanBnXkFtZTcwNTIyMjU1MQ@@._V1_SX300.jpg","country":"USA","genre":"Action, Drama, Sci-Fi, Thriller","writer":"Ronald D. Moore (developed by), Michael Taylor, Glen A. Larson (based on the series created by: \"Battlestar Galactica\")"},{"movieId":42,"metascore":"N/A","boxOffice":"N/A","website":"N/A","imdbRating":"7.1","imdbVotes":"17,203","runtime":"112 min","language":"English","rated":"N/A","production":"David Eick Productions","released":"27 Oct 2009","imdbid":"tt1286130","plot":"When the initial Cylon attack against the Twelve Colonies fails to achieve complete extermination of human life as planned, twin Number Ones (Cavils) embedded on Galactica and Caprica must improvise to destroy the human survivors.","director":"Edward James Olmos","title":"Battlestar Galactica: The Plan","actors":"Edward James Olmos, Dean Stockwell, Michael Trucco, Grace Park","response":"True","type":"movie","awards":"1 nomination.","dvd":null,"year":"2009","poster":"https://m.media-amazon.com/images/M/MV5BMTgyODE2MjY2OF5BMl5BanBnXkFtZTcwMjQxMTI5Mg@@._V1_SX300.jpg","country":"USA","genre":"Action, Adventure, Drama, Romance, Sci-Fi","writer":"Jane Espenson"},{"movieId":43,"metascore":"N/A","boxOffice":"N/A","website":"N/A","imdbRating":"7.0","imdbVotes":"15,945","runtime":"91 min","language":"English","rated":"Unrated","production":"Universal Pictures","released":"09 Nov 2012","imdbid":"tt1704292","plot":"The adventures of young William Adama in the First Cylon War.","director":"Jonas Pate","title":"Battlestar Galactica: Blood & Chrome","actors":"Luke Pasqualino, Ben Cotton, Lili Bordán, Jill Teed","response":"True","type":"movie","awards":"Nominated for 3 Primetime Emmys. Another 3 wins & 3 nominations.","dvd":null,"year":"2012","poster":"https://m.media-amazon.com/images/M/MV5BM2RiNjA4MzctMGU1MC00MThiLTk4OWUtODI4ZmM4MmU3YTllXkEyXkFqcGdeQXVyMDM0MzU2NA@@._V1_SX300.jpg","country":"USA","genre":"Action, Sci-Fi","writer":"Michael Taylor (creator), David Eick (creator), Michael Taylor (teleplay), David Eick (story), Bradley Thompson (story), David Weddle (story), Glen A. Larson (creator: \"Battlestar Galactica\")"},{"movieId":45,"metascore":"N/A","boxOffice":"N/A","website":"N/A","imdbRating":"6.8","imdbVotes":"7,631","runtime":"148 min","language":"English","rated":"PG","production":"MCA Universal Home Video","released":"18 May 1979","imdbid":"tt0077215","plot":"After the destruction of the Twelve Colonies of Mankind, the last major fighter carrier leads a makeshift fugitive fleet in a desperate search for the legendary planet Earth.","director":"Richard A. Colla, Alan J. Levi","title":"Battlestar Galactica","actors":"Richard Hatch, Dirk Benedict, Lorne Greene, Herbert Jefferson Jr.","response":"True","type":"movie","awards":"N/A","dvd":null,"year":"1978","poster":"https://m.media-amazon.com/images/M/MV5BMmMyMDQ1NjItNzMzZi00MTk5LTgzNzEtNDZjOGIzMmZhNzRjXkEyXkFqcGdeQXVyMDY4MzkyNw@@._V1_FMjpg_UX1000_.jpg","country":"USA","genre":"Action, Adventure, Sci-Fi","writer":"Glen A. Larson"},{"movieId":46,"metascore":"83","boxOffice":"$83,775,048","website":"http://www.TheUpInTheAirMovie.com/","imdbRating":"7.4","imdbVotes":"299,432","runtime":"109 min","language":"English","rated":"R","production":"Paramount Pictures","released":"23 Dec 2009","imdbid":"tt1193138","plot":"Ryan Bingham enjoys living out of a suitcase for his job, travelling around the country firing people, but finds that lifestyle threatened by the presence of a potential love interest, and a new hire.","director":"Jason Reitman","title":"Up in the Air","actors":"George Clooney, Vera Farmiga, Anna Kendrick, Jason Bateman","response":"True","type":"movie","awards":"Nominated for 6 Oscars. Another 76 wins & 158 nominations.","dvd":null,"year":"2009","poster":"https://m.media-amazon.com/images/M/MV5BMTI3MzYxMTA4NF5BMl5BanBnXkFtZTcwMDE4ODg3Mg@@._V1_SX300.jpg","country":"USA","genre":"Comedy, Drama, Romance","writer":"Walter Kirn (novel), Jason Reitman (screenplay), Sheldon Turner (screenplay)"},{"movieId":47,"metascore":"N/A","boxOffice":"N/A","website":"N/A","imdbRating":"5.9","imdbVotes":"191","runtime":"62 min","language":"English","rated":"PASSED","production":"Monogram","released":"09 Sep 1940","imdbid":"tt0033214","plot":"A none-too-popular (nor good) radio singer, Rita Wilson is murdered while singing on the air in a radio studio. Radio page boy, Frankie Ryan, and his janitor pal, Jeff, solve the mystery ...","director":"Howard Bretherton","title":"Up in the Air","actors":"Frankie Darro, Marjorie Reynolds, Mantan Moreland, Gordon Jones","response":"True","type":"movie","awards":"N/A","dvd":null,"year":"1940","poster":"https://m.media-amazon.com/images/M/MV5BZmU1OWExZTYtOWRjMi00YzdhLTk4M2QtMjJkMjBiOWZhMjU2XkEyXkFqcGdeQXVyMTQwMzQ1MA@@._V1_FMjpg_UX1000_.jpg","country":"USA","genre":"Action, Comedy, Music","writer":"Edmond Kelso (screen play), Edmond Kelso (original story)"},{"movieId":50,"metascore":"82","boxOffice":"$257,704,099","website":"http://www.startrekmovie.com/","imdbRating":"8.0","imdbVotes":"555,069","runtime":"127 min","language":"English","rated":"PG-13","production":"IMAX","released":"08 May 2009","imdbid":"tt0796366","plot":"The brash James T. Kirk tries to live up to his father's legacy with Mr. Spock keeping him in check as a vengeful Romulan from the future creates black holes to destroy the Federation one planet at a time.","director":"J.J. Abrams","title":"Star Trek","actors":"Chris Pine, Zachary Quinto, Leonard Nimoy, Eric Bana","response":"True","type":"movie","awards":"Won 1 Oscar. Another 23 wins & 92 nominations.","dvd":null,"year":"2009","poster":"https://m.media-amazon.com/images/M/MV5BMjE5NDQ5OTE4Ml5BMl5BanBnXkFtZTcwOTE3NDIzMw@@._V1_SX300.jpg","country":"USA, Germany","genre":"Action, Adventure, Sci-Fi","writer":"Roberto Orci, Alex Kurtzman, Gene Roddenberry (television series \"Star Trek\")"},{"movieId":51,"metascore":"72","boxOffice":"$228,756,232","website":"http://www.startrekmovie.com/","imdbRating":"7.7","imdbVotes":"443,815","runtime":"132 min","language":"English, Klingon","rated":"PG-13","production":"Paramount","released":"16 May 2013","imdbid":"tt1408101","plot":"After the crew of the Enterprise find an unstoppable force of terror from within their own organization, Captain Kirk leads a manhunt to a war-zone world to capture a one-man weapon of mass destruction.","director":"J.J. Abrams","title":"Star Trek Into Darkness","actors":"Chris Pine, Zachary Quinto, Zoe Saldana, Karl Urban","response":"True","type":"movie","awards":"Nominated for 1 Oscar. Another 6 wins & 56 nominations.","dvd":null,"year":"2013","poster":"https://m.media-amazon.com/images/M/MV5BMTk2NzczOTgxNF5BMl5BanBnXkFtZTcwODQ5ODczOQ@@._V1_SX300.jpg","country":"USA","genre":"Action, Adventure, Sci-Fi","writer":"Roberto Orci, Alex Kurtzman, Damon Lindelof, Gene Roddenberry (television series \"Star Trek\")"},{"movieId":52,"metascore":"68","boxOffice":"$158,804,470","website":"http://www.startrekmovie.com/","imdbRating":"7.1","imdbVotes":"208,362","runtime":"122 min","language":"English","rated":"PG-13","production":"Paramount Pictures","released":"22 Jul 2016","imdbid":"tt2660888","plot":"The crew of the USS Enterprise explores the furthest reaches of uncharted space, where they encounter a new ruthless enemy, who puts them, and everything the Federation stands for, to the test.","director":"Justin Lin","title":"Star Trek Beyond","actors":"Chris Pine, Zachary Quinto, Karl Urban, Zoe Saldana","response":"True","type":"movie","awards":"Nominated for 1 Oscar. Another 3 wins & 27 nominations.","dvd":null,"year":"2016","poster":"https://m.media-amazon.com/images/M/MV5BNDc2YThlMTgtN2M3Yi00YzkxLWE4MDQtMWJmYmZiNTNjNjJlXkEyXkFqcGdeQXVyMjUzOTY1NTc@._V1_.jpg","country":"USA, China, United Arab Emirates, Canada","genre":"Action, Adventure, Sci-Fi, Thriller","writer":"Simon Pegg, Doug Jung, Gene Roddenberry (based upon \"Star Trek\" created by)"},{"movieId":53,"metascore":"71","boxOffice":"N/A","website":"N/A","imdbRating":"7.6","imdbVotes":"109,716","runtime":"111 min","language":"English","rated":"PG-13","production":"Paramount Pictures","released":"22 Nov 1996","imdbid":"tt0117731","plot":"The Borg travel back in time intent on preventing Earth's first contact with an alien species. Captain Picard and his crew pursue them to ensure that Zefram Cochran makes his maiden flight reaching warp speed.","director":"Jonathan Frakes","title":"Star Trek: First Contact","actors":"Patrick Stewart, Jonathan Frakes, Brent Spiner, LeVar Burton","response":"True","type":"movie","awards":"Nominated for 1 Oscar. Another 8 wins & 20 nominations.","dvd":null,"year":"1996","poster":"https://m.media-amazon.com/images/M/MV5BYzMzZmE3MTItODYzYy00YWI5LWFkNWMtZTY5NmU2MDkxYWI1XkEyXkFqcGdeQXVyMjUzOTY1NTc@._V1_FMjpg_UX1000_.jpg","country":"USA","genre":"Action, Adventure, Drama, Sci-Fi, Thriller","writer":"Gene Roddenberry (television series Star Trek), Rick Berman (story), Brannon Braga (story), Ronald D. Moore (story), Brannon Braga (screenplay), Ronald D. Moore (screenplay)"},{"movieId":54,"metascore":"67","boxOffice":"N/A","website":"N/A","imdbRating":"7.7","imdbVotes":"104,386","runtime":"113 min","language":"English","rated":"PG","production":"Paramount Pictures","released":"04 Jun 1982","imdbid":"tt0084726","plot":"With the assistance of the Enterprise crew, Admiral Kirk must stop an old nemesis, Khan Noonien Singh, from using the life-generating Genesis Device as the ultimate weapon.","director":"Nicholas Meyer","title":"Star Trek II: The Wrath of Khan","actors":"William Shatner, Leonard Nimoy, DeForest Kelley, James Doohan","response":"True","type":"movie","awards":"3 wins & 9 nominations.","dvd":null,"year":"1982","poster":"https://m.media-amazon.com/images/M/MV5BNmZiZmM2OTUtZDlmOC00YzYyLThkMGEtZWFkMjJmM2EwZDVkXkEyXkFqcGdeQXVyMjUzOTY1NTc@._V1_.jpg","country":"USA","genre":"Action, Adventure, Sci-Fi","writer":"Gene Roddenberry (based on \"Star Trek\" created by), Harve Bennett (story), Jack B. Sowards (story), Jack B. Sowards (screenplay)"},{"movieId":55,"metascore":"48","boxOffice":"N/A","website":"N/A","imdbRating":"6.4","imdbVotes":"74,264","runtime":"132 min","language":"English, Klingon","rated":"G","production":"Paramount Home Video","released":"08 Dec 1979","imdbid":"tt0079945","plot":"When an alien spacecraft of enormous power is spotted approaching Earth, Admiral James T. Kirk resumes command of the overhauled USS Enterprise in order to intercept it.","director":"Robert Wise","title":"Star Trek: The Motion Picture","actors":"William Shatner, Leonard Nimoy, DeForest Kelley, James Doohan","response":"True","type":"movie","awards":"Nominated for 3 Oscars. Another 4 wins & 16 nominations.","dvd":null,"year":"1979","poster":"https://m.media-amazon.com/images/M/MV5BNzNlMzNlNmQtNmYzNS00YmU5LWIzYWQtMDRkYzIzNzEzOTIyXkEyXkFqcGdeQXVyMTQxNzMzNDI@._V1_SX300.jpg","country":"USA","genre":"Adventure, Mystery, Sci-Fi","writer":"Gene Roddenberry (based on \"Star Trek\" created by), Harold Livingston (screenplay), Alan Dean Foster (story)"},{"movieId":56,"metascore":"71","boxOffice":"N/A","website":"N/A","imdbRating":"7.3","imdbVotes":"71,996","runtime":"119 min","language":"English, Finnish","rated":"PG","production":"Paramount Pictures","released":"26 Nov 1986","imdbid":"tt0092007","plot":"To save Earth from an alien probe, Admiral James T. Kirk and his fugitive crew go back in time to San Francisco in 1986 to retrieve the only beings who can communicate with it: humpback whales.","director":"Leonard Nimoy","title":"Star Trek IV: The Voyage Home","actors":"William Shatner, Leonard Nimoy, DeForest Kelley, James Doohan","response":"True","type":"movie","awards":"Nominated for 4 Oscars. Another 4 wins & 13 nominations.","dvd":null,"year":"1986","poster":"https://m.media-amazon.com/images/M/MV5BMGY2MDE2MGQtMjczYi00YTdhLWIzNzktNDk2NzMzZmYwMTJjXkEyXkFqcGdeQXVyMTQxNzMzNDI@._V1_SX300.jpg","country":"USA","genre":"Adventure, Comedy, Sci-Fi","writer":"Gene Roddenberry (based on \"Star Trek\" created by), Leonard Nimoy (story), Harve Bennett (story), Steve Meerson (screenplay), Peter Krikes (screenplay), Harve Bennett (screenplay), Nicholas Meyer (screenplay)"},{"movieId":57,"metascore":"55","boxOffice":"N/A","website":"N/A","imdbRating":"6.6","imdbVotes":"69,811","runtime":"118 min","language":"English, Klingon","rated":"PG","production":"Paramount Pictures","released":"18 Nov 1994","imdbid":"tt0111280","plot":"With the help of long presumed dead Captain Kirk, Captain Picard must stop a renegade scientist willing to murder on a planetary scale in order to enter a space matrix.","director":"David Carson","title":"Star Trek: Generations","actors":"Patrick Stewart, Jonathan Frakes, Brent Spiner, LeVar Burton","response":"True","type":"movie","awards":"2 wins & 4 nominations.","dvd":null,"year":"1994","poster":"https://m.media-amazon.com/images/M/MV5BOTk5Mjg4MzktZTczNC00ZWI3LWFlNjgtNjgwZDQwOGU5NmQ3XkEyXkFqcGdeQXVyMjUzOTY1NTc@._V1_.jpg","country":"USA","genre":"Action, Adventure, Mystery, Sci-Fi, Thriller","writer":"Gene Roddenberry (television series Star Trek), Rick Berman (story), Ronald D. Moore (story), Brannon Braga (story), Ronald D. Moore (screenplay), Brannon Braga (screenplay)"},{"movieId":58,"metascore":"56","boxOffice":"N/A","website":"N/A","imdbRating":"6.7","imdbVotes":"68,253","runtime":"105 min","language":"English, Klingon, Russian, French","rated":"PG","production":"Paramount Pictures","released":"01 Jun 1984","imdbid":"tt0088170","plot":"Admiral Kirk and his bridge crew risk their careers stealing the decommissioned Enterprise to return to the restricted Genesis Planet to recover Spock's body.","director":"Leonard Nimoy","title":"Star Trek III: The Search for Spock","actors":"William Shatner, Leonard Nimoy, DeForest Kelley, James Doohan","response":"True","type":"movie","awards":"1 win & 7 nominations.","dvd":null,"year":"1984","poster":"https://m.media-amazon.com/images/M/MV5BMTliZGVjZmMtNzEzMy00MzVhLWFhYjYtNDhlYmViNGNiMGFlXkEyXkFqcGdeQXVyMTQxNzMzNDI@._V1_SX300.jpg","country":"USA","genre":"Action, Adventure, Sci-Fi","writer":"Gene Roddenberry (based on \"Star Trek\" created by), Harve Bennett"},{"movieId":59,"metascore":"78","boxOffice":"N/A","website":"N/A","imdbRating":"7.8","imdbVotes":"188,562","runtime":"88 min","language":"English","rated":"PG","production":"Paramount Pictures","released":"02 Jul 1980","imdbid":"tt0080339","plot":"A man afraid to fly must ensure that a plane lands safely after the pilots become sick.","director":"Jim Abrahams, David Zucker, Jerry Zucker","title":"Airplane!","actors":"Kareem Abdul-Jabbar, Lloyd Bridges, Peter Graves, Julie Hagerty","response":"True","type":"movie","awards":"Nominated for 1 Golden Globe. Another 2 wins & 6 nominations.","dvd":null,"year":"1980","poster":"https://m.media-amazon.com/images/M/MV5BZjA3YjdhMWEtYjc2Ni00YzVlLWI0MTUtMGZmNTJjNmU0Yzk2XkEyXkFqcGdeQXVyNzkwMjQ5NzM@._V1_SX300.jpg","country":"USA","genre":"Comedy","writer":"Jim Abrahams (written for the screen by), David Zucker (written for the screen by), Jerry Zucker (written for the screen by)"},{"movieId":60,"metascore":"48","boxOffice":"N/A","website":"N/A","imdbRating":"6.1","imdbVotes":"44,441","runtime":"85 min","language":"English","rated":"PG","production":"Paramount Home Video","released":"10 Dec 1982","imdbid":"tt0083530","plot":"A faulty computer causes a passenger space shuttle to head straight for the Sun. Can Ted Striker save the day and get the shuttle back on track - again?","director":"Ken Finkleman","title":"Airplane II: The Sequel","actors":"Lloyd Bridges, Raymond Burr, Chuck Connors, Rip Torn","response":"True","type":"movie","awards":"N/A","dvd":null,"year":"1982","poster":"https://m.media-amazon.com/images/M/MV5BMmVkYjg2MDUtN2ExNi00N2QzLTliOWYtMjAzYWNlYjQ1MWZjXkEyXkFqcGdeQXVyMTQxNzMzNDI@._V1_SX300.jpg","country":"USA","genre":"Comedy, Sci-Fi","writer":"Ken Finkleman"},{"movieId":61,"metascore":"N/A","boxOffice":"N/A","website":"http://www.theasylum.cc/product.php?id=243","imdbRating":"2.7","imdbVotes":"1,665","runtime":"91 min","language":"English","rated":"TV-14","production":"The Asylum","released":"28 Mar 2014","imdbid":"tt3417334","plot":"When a commercial airliner is trapped within a ring of erupting volcanoes, the passengers and crew must find a way to survive - without landing, but, when the relentless onslaught of lava ...","director":"James Kondelik, Jon Kondelik","title":"Airplane vs. Volcano","actors":"Dean Cain, Robin Givens, Tamara Goodwin, Matt Mercer","response":"True","type":"movie","awards":"N/A","dvd":null,"year":"2014","poster":"https://m.media-amazon.com/images/M/MV5BMTQyMzE1MzI4OF5BMl5BanBnXkFtZTgwMTcyMTA1MTE@._V1_SX300.jpg","country":"USA","genre":"Action, Adventure, Drama, Sci-Fi, Thriller","writer":"James Kondelik (screenplay), Jon Kondelik (screenplay)"},{"movieId":62,"metascore":"N/A","boxOffice":"N/A","website":"N/A","imdbRating":"7.9","imdbVotes":"108","runtime":"81 min","language":"English","rated":"N/A","production":"N/A","released":"20 Jul 2004","imdbid":"tt0427256","plot":"Thirteen classic perfomances by Rock and Roll Hall of Fame band Jefferson Airplane, augmented by orginal interviews with the band members and photographs by famed photographer Jim Marshall.","director":"Bob Sarles","title":"Fly Jefferson Airplane","actors":"Signe Anderson, Marty Balin, Jack Casady, Joey Covington","response":"True","type":"movie","awards":"N/A","dvd":null,"year":"2004","poster":"https://images-na.ssl-images-amazon.com/images/M/MV5BMTIxNTU1MjU2MV5BMl5BanBnXkFtZTcwODE3MTcyMQ@@._V1_SX300.jpg","country":"USA","genre":"Music","writer":"N/A"},{"movieId":63,"metascore":"N/A","boxOffice":"N/A","website":"N/A","imdbRating":"7.3","imdbVotes":"54","runtime":"7 min","language":"Russian","rated":"N/A","production":"N/A","released":"27 Feb 2013","imdbid":"tt3652586","plot":"A young boy imagines his mother to be an airplane who travels to exotic lands.","director":"Yulia Aronova","title":"My Mom Is an Airplane!","actors":"N/A","response":"True","type":"movie","awards":"1 win & 2 nominations.","dvd":null,"year":"2013","poster":"https://m.media-amazon.com/images/M/MV5BYWE3MDQ0NjktZGE3Yy00ZGQ3LWJkZDctZjVkNTFjMGU3YjhiXkEyXkFqcGdeQXVyMzU3MDU3NjI@._V1_SX300.jpg","country":"USA, Russia","genre":"Animation, Short, Family","writer":"N/A"},{"movieId":66,"metascore":"N/A","boxOffice":"N/A","website":"N/A","imdbRating":"8.7","imdbVotes":"29","runtime":"100 min","language":"English","rated":"N/A","production":"N/A","released":"01 Jun 2006","imdbid":"tt1094159","plot":"An experimental drama detailing the post 9/ll life of a successful musician who tries to rescue his floundering relationship by reinventing himself, but has lost his ability to communicate beyond his own vanity.","director":"Zach Horton","title":"Airplane Disasters","actors":"Joshua Fisher P. Anderson, Monica Young, Maria-Elena Laas, Zach Horton","response":"True","type":"movie","awards":"N/A","dvd":null,"year":"2006","poster":"https://images-na.ssl-images-amazon.com/images/M/MV5BMTY4OTI5NDQxN15BMl5BanBnXkFtZTcwMTAxMTU1MQ@@._V1_SX300.jpg","country":"USA","genre":"Drama","writer":"Zach Horton"}]
